Parameter,Value
Precision,0.9926743745982357
Recall,0.9925422806731936
F1 Score,0.9925052159271773
Conditional Entropy,0.28054876258695255
ACCURACY,0.9925422806731936
